id,title,content,category
1,AI in Healthcare,"Artificial Intelligence is transforming healthcare by improving diagnostics, predicting patient outcomes, and personalizing treatment plans.",Healthcare
2,Climate Change Effects,"Climate change leads to rising temperatures, extreme weather events, and threats to biodiversity.",Environment
3,Space Exploration,Space missions like Artemis and Mars rovers aim to explore new frontiers and expand human knowledge.,Science
4,Blockchain Technology,"Blockchain ensures secure, decentralized transactions and is widely used in cryptocurrencies and supply chains.",Technology
5,Renewable Energy,"Solar, wind, and hydro power are renewable energy sources helping reduce carbon emissions.",Environment
6,Machine Learning Basics,Machine learning involves training algorithms on data to make predictions or detect patterns.,Technology
7,Quantum Computing,Quantum computing leverages quantum mechanics to perform complex computations much faster than classical computers.,Technology
8,Ocean Pollution,"Ocean pollution from plastics, chemicals, and waste poses serious threats to marine life.",Environment
9,Mental Health Awareness,Raising awareness about mental health is crucial for reducing stigma and improving access to care.,Health
10,Electric Vehicles,Electric vehicles reduce dependency on fossil fuels and help decrease greenhouse gas emissions.,Technology
11,Cybersecurity Threats,"Cybersecurity threats include hacking, phishing, malware, and require proactive defense strategies.",Technology
12,Genetic Engineering,"Genetic engineering allows modification of DNA to improve crops, treat diseases, and advance biotechnology.",Biotech
13,Virtual Reality Applications,"Virtual reality is used in gaming, education, healthcare, and training simulations to create immersive experiences.",Technology
14,Urban Gardening,"Urban gardening promotes local food production, reduces carbon footprint, and improves community health.",Lifestyle
15,Astronomy Discoveries,"Astronomy discoveries help us understand planets, stars, galaxies, and the evolution of the universe.",Science
